<?xml version="1.0" encoding="utf-8"?>
<updates>
	<update>
		<name>UncleBill</name>
		<description>UncleBill Component</description>
		<element>com_unclebill</element>
		<type>component</type>
		<version>1.5.0</version>

		<infourl title="HalloWorld URL">http://yourdomain.com</infourl>
		<downloads>
			<downloadurl type="full" format="tgz">http://yourdomain.com/files/com_unclebill-1.5.0-final.zip</downloadurl>
		</downloads>
		<tags>
			<tag>some-tag</tag>
		</tags>

		<maintainer>UncleBill Inc.</maintainer>
		<maintainerurl>http://yourdomain.com</maintainerurl>
		<section>some-section</section>
		<targetplatform name="joomla" version="1.6" />
	</update>

	<update>
		<name>UncleBill</name>
		<description>UncleBill Component</description>
		<element>com_unclebill</element>
		<type>component</type>
		<version>1.5.1</version>

		<infourl title="HalloWorld URL">http://yourdomain.com</infourl>
		<downloads>
			<downloadurl type="full" format="tgz">http://yourdomain.com/files/com_unclebill-1.5.1-final.zip</downloadurl>
		</downloads>
		<tags>
			<tag>some-tag</tag>
		</tags>

		<maintainer>UncleBill Inc.</maintainer>
		<maintainerurl>http://yourdomain.com</maintainerurl>
		<section>some-section</section>
		<targetplatform name="joomla" version="1.6" />
	</update>

</updates>
