<?xml version="1.0" encoding="utf-8"?>
<extension type="component" version="2.5.0" method="upgrade">

<name>COM_UNCLEBILL</name>
<!-- The following elements are optional and free of formatting conttraints -->
<creationDate>May 2014</creationDate>
<author>John Doe</author>
<authorEmail>john.doe@example.org</authorEmail>
<authorUrl>http://www.example.org</authorUrl>
<copyright>Copyright Info</copyright>
<license>License Info</license>
<!--  The version string is recorded in the components table -->
<version>v1.0.0</version>
<!-- The description is optional and defaults to the name -->
<description>COM_UNCLEBILL_DESCRIPTION</description>

<!-- Runs on install/uninstall/update; New in 1.6 -->
<scriptfile>script.php</scriptfile>

<install><!-- Runs on install -->
<sql>
<file driver="mysql" charset="utf8">sql/install.mysql.utf8.sql</file>
</sql>
</install>
<uninstall><!-- Runs on uninstall -->
<sql>
<file driver="mysql" charset="utf8">sql/uninstall.mysql.utf8.sql</file>
</sql>
</uninstall>
<update><!-- Runs on update; New in 1.6 -->
<schemas>
<schemapath type="mysql">sql/updates/mysql</schemapath>
</schemas>
</update>

<!-- Site Main File Copy Section -->
<!-- Note the folder attribute: This attribute describes the folder to copy FROM in the package to install therefore files copied in this section are copied from /site/ in the package -->

<files folder="site">
<filename>index.html</filename>
<filename>unclebill.php</filename>
<filename>controller.php</filename>
<folder>views</folder>
<folder>models</folder>
<folder>controllers</folder>
<folder>language</folder>
</files>


<media destination="com_unclebill" folder="media">
<filename>index.html</filename>
<folder>css</folder>
<folder>images</folder>
</media>

<administration>
<!-- Administration Menu Section -->
<menu img="../media/com_unclebill/images/menu16x16.png">COM_UNCLEBILL_MENU</menu>
<submenu><menu img="../media/com_unclebill/images/submenu16x16.png" alt="COM_UNCLEBILL_MENU" view="categories&amp;extension=com_unclebill" link="option=com_unclebill">COM_UNCLEBILL_MENU</menu></submenu>

<!-- Administration Main File Copy Section -->
<!-- Note the folder attribute: This attribute describes the folder      to copy FROM in the package to install therefore files copied      in this section are copied from /admin/ in the package -->
<files folder="admin">
<!-- Admin Main File Copy Section -->
<filename>index.html</filename>
<filename>config.xml</filename>
<filename>access.xml</filename>
<filename>unclebill.php</filename>
<filename>controller.php</filename>
<!-- SQL files section -->
<folder>sql</folder>
<!-- tables files section -->
<folder>tables</folder>
<!-- models files section -->
<folder>models</folder>
<!-- views files section -->
<folder>views</folder>
<!-- controllers files section -->
<folder>controllers</folder>
<!-- helpers files section -->
<folder>helpers</folder>
</files>

<languages folder="admin">
<language tag="en-GB">language/en-GB/en-GB.com_unclebill.ini</language>
<language tag="en-GB">language/en-GB/en-GB.com_unclebill.sys.ini</language>
</languages>
</administration>

<!-- UPDATESERVER DEFINITION -->
<updateservers>
<!-- Note: No spaces or linebreaks allowed between the server tags -->
<server type="extension" priority="1" name="UncleBill Update Site">http://yourdomain.com/update/unclebill-update.xml</server></updateservers>

</extension>